<?xml version="1.0" encoding="UTF-8"?>
<project-private xmlns="http://www.netbeans.org/ns/project-private/1">
    <editor-bookmarks xmlns="http://www.netbeans.org/ns/editor-bookmarks/2" lastBookmarkId="0"/>
    <open-files xmlns="http://www.netbeans.org/ns/projectui-open-files/2">
        <group>
            <file>file:/D:/BTS%20SIO%20PPE/PPE%202e%20Année/Java/PPE/src/PackagePPE/PersistanceSQL.java</file>
            <file>file:/D:/BTS%20SIO%20PPE/PPE%202e%20Année/Java/PPE/src/PackagePPE/Distributeur.java</file>
            <file>file:/D:/BTS%20SIO%20PPE/PPE%202e%20Année/Java/PPE/src/PackagePPE/Commande.java</file>
            <file>file:/D:/BTS%20SIO%20PPE/PPE%202e%20Année/Java/PPE/src/PackagePPE/Produit.java</file>
            <file>file:/D:/BTS%20SIO%20PPE/PPE%202e%20Année/Java/PPE/src/PackagePPE/GestionCommandes.java</file>
        </group>
    </open-files>
</project-private>
